country,store,product,rows,mae,mape_percent
Canada,Discount Stickers,Kaggle,366,86.21857923497268,14.329292194381111
Canada,Discount Stickers,Kaggle Tiers,366,72.84699453551913,14.194054003767615
Canada,Discount Stickers,Kerneler,365,32.917808219178085,11.307757302274913
Canada,Discount Stickers,Kerneler Dark Mode,366,39.96448087431694,11.815634555888133
Canada,Premium Sticker Mart,Holographic Goose,236,25.135019079803353,11.004951771027976
Canada,Premium Sticker Mart,Kaggle,366,209.7486338797814,14.625359483513602
Canada,Premium Sticker Mart,Kaggle Tiers,366,177.8360655737705,14.541768117277618
Canada,Premium Sticker Mart,Kerneler,366,81.43715846994536,11.776846376456547
Canada,Premium Sticker Mart,Kerneler Dark Mode,366,94.41256830601093,11.759046249943479
Canada,Stickers for Less,Holographic Goose,84,19.438943388514208,8.799435006791011
Canada,Stickers for Less,Kaggle,366,161.6830601092896,13.252575268532107
Canada,Stickers for Less,Kaggle Tiers,366,144.12568306010928,14.001298204388656
Canada,Stickers for Less,Kerneler,366,64.3224043715847,11.037528669077544
Canada,Stickers for Less,Kerneler Dark Mode,366,79.27322404371584,11.676174862455442
Finland,Discount Stickers,Holographic Goose,366,11.28415300546448,11.844310289512025
Finland,Discount Stickers,Kaggle,366,84.12021857923497,13.129899317507254
Finland,Discount Stickers,Kaggle Tiers,366,77.30054644808743,13.94200574519958
Finland,Discount Stickers,Kerneler,366,36.10382513661202,11.607460783190053
Finland,Discount Stickers,Kerneler Dark Mode,366,43.15573770491803,11.864912852176804
Finland,Premium Sticker Mart,Holographic Goose,366,27.114754098360656,11.873192420895158
Finland,Premium Sticker Mart,Kaggle,366,195.39890710382514,12.579646409444388
Finland,Premium Sticker Mart,Kaggle Tiers,366,187.21038251366122,14.365742746102146
Finland,Premium Sticker Mart,Kerneler,366,88.72950819672131,12.03518513693087
Finland,Premium Sticker Mart,Kerneler Dark Mode,366,102.12295081967213,11.836480707386235
Finland,Stickers for Less,Holographic Goose,366,23.34426229508197,12.071784093231003
Finland,Stickers for Less,Kaggle,366,162.38251366120218,12.42849981863971
Finland,Stickers for Less,Kaggle Tiers,366,157.9672131147541,14.169781822542879
Finland,Stickers for Less,Kerneler,366,73.4535519125683,11.730053205844076
Finland,Stickers for Less,Kerneler Dark Mode,366,83.05464480874316,11.31754512383801
Italy,Discount Stickers,Holographic Goose,366,7.83879781420765,11.919702759405988
Italy,Discount Stickers,Kaggle,366,53.967213114754095,11.901247447723737
Italy,Discount Stickers,Kaggle Tiers,366,52.02732240437158,13.352008752574331
Italy,Discount Stickers,Kerneler,366,25.15573770491803,11.520278122793714
Italy,Discount Stickers,Kerneler Dark Mode,366,29.650273224043715,11.720646222493778
Italy,Premium Sticker Mart,Holographic Goose,366,18.510928961748633,11.593109629533231
Italy,Premium Sticker Mart,Kaggle,366,126.45081967213115,11.627216374898799
Italy,Premium Sticker Mart,Kaggle Tiers,366,125.96448087431693,13.528127012356356
Italy,Premium Sticker Mart,Kerneler,366,59.76775956284153,11.4060804713552
Italy,Premium Sticker Mart,Kerneler Dark Mode,366,72.26775956284153,11.923482244659253
Italy,Stickers for Less,Holographic Goose,366,15.549180327868852,11.608289099576014
Italy,Stickers for Less,Kaggle,366,117.94808743169399,12.691657902436523
Italy,Stickers for Less,Kaggle Tiers,366,102.51912568306011,13.059353999542779
Italy,Stickers for Less,Kerneler,366,51.67213114754098,11.726232761153293
Italy,Stickers for Less,Kerneler Dark Mode,366,60.62568306010929,11.783168269919079
Kenya,Discount Stickers,Kaggle,366,2.489071038251366,12.02721105074127
Kenya,Discount Stickers,Kaggle Tiers,366,2.4153005464480874,13.722109291172378
Kenya,Discount Stickers,Kerneler,366,1.330601092896175,13.919686112309062
Kenya,Discount Stickers,Kerneler Dark Mode,366,1.459016393442623,12.914604837820846
Kenya,Premium Sticker Mart,Holographic Goose,366,0.9221019682741791,13.267054425935534
Kenya,Premium Sticker Mart,Kaggle,366,5.918032786885246,11.657336308321268
Kenya,Premium Sticker Mart,Kaggle Tiers,366,6.114754098360656,14.349484832677424
Kenya,Premium Sticker Mart,Kerneler,366,3.0027322404371586,12.708815064707322
Kenya,Premium Sticker Mart,Kerneler Dark Mode,366,3.442622950819672,12.474651515193983
Kenya,Stickers for Less,Holographic Goose,338,0.6921324454157475,11.260325821770474
Kenya,Stickers for Less,Kaggle,366,5.199453551912568,12.246325354126428
Kenya,Stickers for Less,Kaggle Tiers,366,5.163934426229508,14.396660704314725
Kenya,Stickers for Less,Kerneler,366,2.521857923497268,12.834307343905248
Kenya,Stickers for Less,Kerneler Dark Mode,366,3.0273224043715845,13.064467551406933
Norway,Discount Stickers,Holographic Goose,366,18.161202185792348,12.417997521984967
Norway,Discount Stickers,Kaggle,366,157.5983606557377,15.807181925851209
Norway,Discount Stickers,Kaggle Tiers,366,129.92349726775956,15.3944795844994
Norway,Discount Stickers,Kerneler,366,55.98087431693989,11.84046075316829
Norway,Discount Stickers,Kerneler Dark Mode,366,70.71857923497268,12.556835903617198
Norway,Premium Sticker Mart,Holographic Goose,366,42.84699453551912,12.20252708551894
Norway,Premium Sticker Mart,Kaggle,366,375.40983606557376,15.595491890199927
Norway,Premium Sticker Mart,Kaggle Tiers,366,319.224043715847,15.610575799377985
Norway,Premium Sticker Mart,Kerneler,366,138.20218579234972,12.237260680103352
Norway,Premium Sticker Mart,Kerneler Dark Mode,366,164.85792349726776,12.121306046771064
Norway,Stickers for Less,Holographic Goose,366,37.06284153005465,12.495256885657716
Norway,Stickers for Less,Kaggle,366,307.8032786885246,15.197194271993464
Norway,Stickers for Less,Kaggle Tiers,366,271.6857923497268,15.846336960615714
Norway,Stickers for Less,Kerneler,366,119.5464480874317,12.48412116752086
Norway,Stickers for Less,Kerneler Dark Mode,366,132.17486338797815,11.622743188341001
Singapore,Discount Stickers,Holographic Goose,366,15.314207650273223,12.3792793225034
Singapore,Discount Stickers,Kaggle,366,102.94808743169399,12.254017603089231
Singapore,Discount Stickers,Kaggle Tiers,366,99.43442622950819,13.943015132170878
Singapore,Discount Stickers,Kerneler,366,44.96174863387978,11.21570865607256
Singapore,Discount Stickers,Kerneler Dark Mode,366,54.30874316939891,11.685936392892442
Singapore,Premium Sticker Mart,Holographic Goose,366,34.650273224043715,11.696510116848563
Singapore,Premium Sticker Mart,Kaggle,366,244.65300546448088,12.178329975227284
Singapore,Premium Sticker Mart,Kaggle Tiers,366,236.1775956284153,13.940898901591767
Singapore,Premium Sticker Mart,Kerneler,366,111.46994535519126,11.788289786761638
Singapore,Premium Sticker Mart,Kerneler Dark Mode,366,136.68852459016392,12.220393396318286
Singapore,Stickers for Less,Holographic Goose,366,30.475409836065573,12.100868327642367
Singapore,Stickers for Less,Kaggle,366,210.60928961748633,12.497494240745095
Singapore,Stickers for Less,Kaggle Tiers,366,205.39617486338798,14.214451790149699
Singapore,Stickers for Less,Kerneler,366,98.14480874316939,12.071905129969279
Singapore,Stickers for Less,Kerneler Dark Mode,366,114.86612021857924,12.160513834811704
